Type,Title,Language_and_Year_of_Movie,Image_src,URL
Movie,Chameli  .,"Drama, Hindi, 2003",https://j2apps.s.llnwi.net/is1/media/images/7e2e7711bc4fc8ff26cdcb774727a5b1/2x3/2x/test_pic1554707434846.jpg,/movie/watch-chameli-movie-online-7e2e7711bc4fc8ff26cdcb774727a5b1
Movie,Surkhaab,"Thriller, Hindi, 2015",https://j2apps.s.llnwi.net/is1/media/images/115f3fe95e10946c7f6dc3e666f4738e/2x3/2x/5774981245001_270x405_logo.jpg,/movie/watch-surkhaab-movie-online-115f3fe95e10946c7f6dc3e666f4738e
Movie,Jawaan No 1,"Dub, Hindi, 2017",https://j2apps.s.llnwi.net/is1/media/images/f206d4e020f530215513cbe6ad13e5d7/2x3/2x/test_pic1552641601376.jpg,/movie/watch-jawaan-movie-online-f206d4e020f530215513cbe6ad13e5d7
Movie,Tum Ho Paas,"Drama, Hindi, 2019",https://j2apps.s.llnwi.net/is1/media/images/526cc68c0701887ed2717b2f7b12f2f7/2x3/2x/altbalaji_8bdd9a70f3949034be39f59acb58f994.jpg,/movie/watch-tum-ho-paas-movie-online-526cc68c0701887ed2717b2f7b12f2f7
Movie,Veeram The Powerman,"Action, Hindi, 2014",https://j2apps.s.llnwi.net/is1/media/images/34113762cf16cc8396eb793380682646/2x3/2x/test_pic1555056412151.jpg,/movie/watch-veeram-the-powerman-movie-online-34113762cf16cc8396eb793380682646
Movie,Lootera,"Drama, Hindi, 2013",https://j2apps.s.llnwi.net/is1/media/images/c3731b715f006df80d8bf78659f4b9fa/2x3/2x/altbalaji_2c3bbbe86f2e62c195eeba99245a4380.jpg,/movie/watch-lootera-movie-online-c3731b715f006df80d8bf78659f4b9fa
Movie,Shukravaar,"Short, Hindi, 2018",https://j2apps.s.llnwi.net/is1/media/images/0ca33eddcde98c6d4bfcf8cebcb2688a/2x3/2x/test_pic1533535603965.jpg,/movie/watch-shukravaar-movie-online-0ca33eddcde98c6d4bfcf8cebcb2688a
Movie,Vikram Vedha,"Thriller, Hindi, 2017",https://j2apps.s.llnwi.net/is1/media/images/3019dcb5345073d3e2fb1104adedc356/2x3/2x/test_pic1555059594019.jpg,/movie/watch-vikram-vedha-movie-online-3019dcb5345073d3e2fb1104adedc356
Movie,Super Hero Shehanshah,"Dub, Hindi, 2011",https://j2apps.s.llnwi.net/is1/media/images/2316324281a2502c66a82f47665698c6/2x3/2x/9793f5b6cee3aba8aada0d8d5760a663_1280x1920.jpg,/movie/watch-super-hero-shehanshah-movie-online-2316324281a2502c66a82f47665698c6
Movie,ABC,"Slice of Life, Hindi, 2018",https://j2apps.s.llnwi.net/is1/media/images/0ea6024856ced9f38d644f30daf7d360/2x3/2x/test_pic1533297402177.jpg,/movie/watch-abc-movie-online-0ea6024856ced9f38d644f30daf7d360
Movie,Yuddham Sharnam (Hindi),"Action, Hindi, 2017",https://j2apps.s.llnwi.net/is1/media/images/87923383e910d1642f3409ddad4c2fd5/2x3/2x/5846239403001_270x405.jpg,/movie/watch-yuddham-sharnam-hindi-movie-online-87923383e910d1642f3409ddad4c2fd5
Movie,Son Of Satyamurthy 2,"Action, Hindi, 2016",https://j2apps.s.llnwi.net/is1/media/images/899637309273f746b72195055acd479f/2x3/2x/test_pic1553245814869.jpg,/movie/watch-son-of-satyamurthy-2-movie-online-899637309273f746b72195055acd479f
Movie,Speedunnodu,"Dub, Hindi, 2016",https://j2apps.s.llnwi.net/is1/media/images/0aee2913902f4bac87fd62f5bbf4c72a/2x3/2x/test_pic1552649100234.jpg,/movie/watch-speedunnodu-movie-online-0aee2913902f4bac87fd62f5bbf4c72a
Movie,Dhruva ,"Action, Hindi, 2016",https://j2apps.s.llnwi.net/is1/media/images/dcf2f7e647aadb584705d896c5ac63ab/2x3/2x/test_pic1541770829023.jpg,/movie/watch-dhruva-movie-online-dcf2f7e647aadb584705d896c5ac63ab
Movie,Katamarayudu (Hindi),"Action, Hindi, 2016",https://j2apps.s.llnwi.net/is1/media/images/63e4f6d94b736746d19b63408e359db3/2x3/2x/test_pic1551189978549.jpg,/movie/watch-katamarayudu-hindi-movie-online-63e4f6d94b736746d19b63408e359db3
Movie,Hebbuli (Hindi),"Action, Hindi, 2017",https://j2apps.s.llnwi.net/is1/media/images/94bf1abd933c52eda9812750e8f0039a/2x3/2x/test_pic1542799272968.jpg,/movie/watch-hebbuli-hindi-movie-online-94bf1abd933c52eda9812750e8f0039a
Movie,Ek Yodha Shoorveer | Hindi Dub,"Hollywood Dub, Hindi, 2016",https://j2apps.s.llnwi.net/is1/media/images/6127d1d14cc91ef67c38c65692063436/2x3/2x/test_pic1536760943975.jpg,/movie/watch-ek-yodha-shoorveer-hindi-dub-movie-online-6127d1d14cc91ef67c38c65692063436
Movie,Rowdy Hero 2,"Action, Hindi, 2016",https://j2apps.s.llnwi.net/is1/media/images/8f0ed2badfee53ac3aac17bc67307c76/2x3/2x/test_pic1541401530559.jpg,/movie/watch-rowdy-hero-2-movie-online-8f0ed2badfee53ac3aac17bc67307c76
Movie,Double Attack 2,"Action, Hindi, 2016",https://j2apps.s.llnwi.net/is1/media/images/4ad1a89fe2a4b26c873ca6a15459e8e3/2x3/2x/test_pic1553245970106.jpg,/movie/watch-double-attack-2-movie-online-4ad1a89fe2a4b26c873ca6a15459e8e3
Movie,Dum,"Action, Hindi, 2015",https://j2apps.s.llnwi.net/is1/media/images/72aba70d33e7785adf0511e1c3521a45/2x3/2x/test_pic1539005832524.jpg,/movie/watch-dum-movie-online-72aba70d33e7785adf0511e1c3521a45
Movie,Almighty Thor | Hindi Dub,"Hollywood Dub, Hindi, 2010",https://j2apps.s.llnwi.net/is1/media/images/f12f61598884a1c2c5c064eab896b14f/2x3/2x/test_pic1547810084301.jpg,/movie/watch-almighty-thor-hindi-dub-movie-online-f12f61598884a1c2c5c064eab896b14f
Movie,Age of Dinosaur | Hindi Dub,"Hollywood Dub, Hindi, 2012",https://j2apps.s.llnwi.net/is1/media/images/522f6a5eabd4f708d8552c46706ef2b6/2x3/2x/test_pic1531726607396.jpg,/movie/watch-age-of-dinosaur-hindi-dub-movie-online-522f6a5eabd4f708d8552c46706ef2b6
Movie,Battledogs | Hindi Dub,"Hollywood Dub, Hindi, 2012",https://j2apps.s.llnwi.net/is1/media/images/f4397888b1c6d3fe70ec7da16cd57705/2x3/2x/test_pic1544792015418.jpg,/movie/watch-battledogs-hindi-dub-movie-online-f4397888b1c6d3fe70ec7da16cd57705
Movie,Avenger Grimm | Hindi Dub,"Hollywood Dub, Hindi, 2014",https://j2apps.s.llnwi.net/is1/media/images/50406e7a768953513e0a8e733249df8a/2x3/2x/test_pic1537450769425.jpg,/movie/watch-avenger-grimm-hindi-dub-movie-online-50406e7a768953513e0a8e733249df8a
Movie,Dragons of Camelot | Hindi Dub,"Hollywood Dub, Hindi, 2014",https://j2apps.s.llnwi.net/is1/media/images/753aa804d516c005a3c999f2e2c28a98/2x3/2x/test_pic1537859677245.jpg,/movie/watch-dragons-of-camelot-hindi-dub-movie-online-753aa804d516c005a3c999f2e2c28a98
Movie,The Devils Double | Hindi Dub,"Hollywood Dub, Hindi, 2010",https://j2apps.s.llnwi.net/is1/media/images/87512d33c5deefffbe3355b9c501a948/2x3/2x/test_pic1537451172098.jpg,/movie/watch-the-devils-double-hindi-dub-movie-online-87512d33c5deefffbe3355b9c501a948
Movie,Jurassic Shark | Hindi Dub,"Hollywood Dub, Hindi, 2011",https://j2apps.s.llnwi.net/is1/media/images/a7c7cf360fe3aba517d27261f42a8ff1/2x3/2x/test_pic1537450895016.jpg,/movie/watch-jurassic-shark-hindi-dub-movie-online-a7c7cf360fe3aba517d27261f42a8ff1
Movie,Jurassic City | Hindi Dub,"Hollywood Dub, Hindi, 2014",https://j2apps.s.llnwi.net/is1/media/images/a55749210226173aa2fa3334d437fb3e/2x3/2x/test_pic1531726146584.jpg,/movie/watch-jurassic-city-hindi-dub-movie-online-a55749210226173aa2fa3334d437fb3e
Movie,Dragon Crusaders | Hindi Dub,"Hollywood Dub, Hindi, 2010",https://j2apps.s.llnwi.net/is1/media/images/d14edc35f7a231da70dd082d1864f8cd/2x3/2x/test_pic1537800244759.jpg,/movie/watch-dragon-crusaders-hindi-dub-movie-online-d14edc35f7a231da70dd082d1864f8cd
Movie,Love,"Drama, Hindi, 1991",https://j2apps.s.llnwi.net/is1/media/images/1eec644a05816561e089d518cea1bc72/2x3/2x/test_pic1535116491824.jpg,/movie/watch-love-movie-online-1eec644a05816561e089d518cea1bc72
Movie,Aaj Ka Arjun,"Action, Hindi, 1990",https://j2apps.s.llnwi.net/is1/media/images/db7b798aaaa7ebd612e86d319753c033/2x3/2x/test_pic1532868029103.jpg,/movie/watch-aaj-ka-arjun-movie-online-db7b798aaaa7ebd612e86d319753c033
Movie,Phool Aur Kaante,"Action, Hindi, 1991",https://j2apps.s.llnwi.net/is1/media/images/4372de94e408755f2869dbda5cc4bddf/2x3/2x/test_pic1531035453386.jpg,/movie/watch-phool-aur-kaante-movie-online-4372de94e408755f2869dbda5cc4bddf
Movie,Zor,"Action, Hindi, 1998",https://j2apps.s.llnwi.net/is1/media/images/aeafe4344a42a91e8967d261828f1e03/2x3/2x/4708021530001_270x405_logo.jpg,/movie/watch-zor-movie-online-aeafe4344a42a91e8967d261828f1e03
Movie,Pyar Jhukta Nahin,"Romance, Hindi, 1985",https://j2apps.s.llnwi.net/is1/media/images/31ac9a74f35af94706d09652d171fe2c/2x3/2x/test_pic1532873108358.jpg,/movie/watch-pyar-jhukta-nahin-movie-online-31ac9a74f35af94706d09652d171fe2c
Movie,Saajan Ki Baahon Mein,"Drama, Hindi, 1995",https://j2apps.s.llnwi.net/is1/media/images/3285eaab1e63f0b9fa1c86533e77ad74/2x3/2x/test_pic1531034902185.jpg,/movie/watch-saajan-ki-baahon-mein-movie-online-3285eaab1e63f0b9fa1c86533e77ad74
Movie,Sangram,"Drama, Hindi, 1993",https://j2apps.s.llnwi.net/is1/media/images/6f54986b21414f8e1b38312dc2062438/2x3/2x/test_pic1539081547048.jpg,/movie/watch-sangram-movie-online-6f54986b21414f8e1b38312dc2062438
Movie,Maidan-E-Jung,"Action, Hindi, 1995",https://j2apps.s.llnwi.net/is1/media/images/0e6d5de37dd1973695cee8acf3826184/2x3/2x/test_pic1539006198855.jpg,/movie/watch-maidanejung-movie-online-0e6d5de37dd1973695cee8acf3826184
Movie,Jawab Hum Denge,"Action, Hindi, 1987",https://j2apps.s.llnwi.net/is1/media/images/8d2a3254a4512533b2532a3a24c0ce66/2x3/2x/test_pic1532868642364.jpg,/movie/watch-jawab-hum-denge-movie-online-8d2a3254a4512533b2532a3a24c0ce66
Movie,Ram Shastra ,"Action, Hindi, 1995",https://j2apps.s.llnwi.net/is1/media/images/079ca1072bb40fdbe32e09322f41fb27/2x3/2x/test_pic1532873265941.jpg,/movie/watch-ram-shastra-movie-online-079ca1072bb40fdbe32e09322f41fb27
Movie,Sabse Badhkar Hum (2015),"Action, Hindi, 2010",https://j2apps.s.llnwi.net/is1/media/images/4b56f603f6addb2ec5364f8c1ac53405/2x3/2x/test_pic1551189602281.jpg,/movie/watch-sabse-badhkar-hum-2015-movie-online-4b56f603f6addb2ec5364f8c1ac53405
Movie,Cheetah,"Drama, Hindi, 2005",https://j2apps.s.llnwi.net/is1/media/images/ef6f95040cca51da9f62ed9ba8cfee53/2x3/2x/test_pic1539006126450.jpg,/movie/watch-cheetah-movie-online-ef6f95040cca51da9f62ed9ba8cfee53
Movie,Meri Himmat,"Action, Hindi, 2003",https://j2apps.s.llnwi.net/is1/media/images/08ed081ea511038b687316a5af373d83/2x3/2x/4693434502001_270x405_logo.jpg,/movie/watch-meri-himmat-movie-online-08ed081ea511038b687316a5af373d83
Movie,Heart Attack 2,"Drama, Hindi, 2013",https://j2apps.s.llnwi.net/is1/media/images/78009fb228eb84cdfcf863623093203b/2x3/2x/test_pic1553245511499.jpg,/movie/watch-heart-attack-2-movie-online-78009fb228eb84cdfcf863623093203b
Movie,Remo (Hindi),"Romance, Hindi, 2018",https://j2apps.s.llnwi.net/is1/media/images/c0ee6ac6ecf286309dc7da0a93725f59/2x3/2x/5838534122001_270x405.jpg,/movie/watch-remo-hindi-movie-online-c0ee6ac6ecf286309dc7da0a93725f59
Movie,Sabse Bada Khel,"Romance, Hindi, 2007",https://j2apps.s.llnwi.net/is1/media/images/817a4fa599c2e7f54b5c5acce78df580/2x3/2x/4854648872001_270x405_logo.jpg,/movie/watch-sabse-bada-khel-movie-online-817a4fa599c2e7f54b5c5acce78df580
Movie,Antim Faisla | Hindi Dub,"Action, Hindi, 2010",https://j2apps.s.llnwi.net/is1/media/images/5266272a0cdb58fcae1f2354311572ac/2x3/2x/test_pic1553237187801.jpg,/movie/watch-antim-faisla-hindi-dub-movie-online-5266272a0cdb58fcae1f2354311572ac
Movie,Pyar Ki Takkar,"Romance, Hindi, 2011",https://j2apps.s.llnwi.net/is1/media/images/d7cbbe054d19d23adca22520870946af/2x3/2x/test_pic1553498245227.jpg,/movie/watch-pyar-ki-takkar-movie-online-d7cbbe054d19d23adca22520870946af
Movie,Sabse Badhkar Hum 2,"Action, Hindi, 2015",https://j2apps.s.llnwi.net/is1/media/images/3c2a634ece8c53109484508839adbbbd/2x3/2x/4847827590001_270x405_logo.jpg,/movie/watch-sabse-badhkar-hum-2-movie-online-3c2a634ece8c53109484508839adbbbd
Movie,Sabse Badi Hera Pheri 3,"Comedy, Hindi, 2014",https://j2apps.s.llnwi.net/is1/media/images/4962f6747d615da67100a035dacd263d/2x3/2x/5683134331001_270x405_logo.jpg,/movie/watch-sabse-badi-hera-pheri-3-movie-online-4962f6747d615da67100a035dacd263d
Movie,Girl On Heels - Short Film,"Short, Hindi, 2017",https://j2apps.s.llnwi.net/is1/media/images/e760990fe31db3fc80b497bef45b11e8/2x3/2x/test_pic1553246798684.jpg,/movie/watch-girl-on-heels-short-film-movie-online-e760990fe31db3fc80b497bef45b11e8
Movie,Lori,"Drama, Hindi, 2017",https://j2apps.s.llnwi.net/is1/media/images/f3b80001937bb1a2a02d0d4d036236b3/2x3/2x/test_pic1530794783023.jpg,/movie/watch-lori-movie-online-f3b80001937bb1a2a02d0d4d036236b3
Movie,The Guide,"Short, Hindi, 2018",https://j2apps.s.llnwi.net/is1/media/images/e7274ca20e88b042aaebc038946b5c88/2x3/2x/test_pic1547809699830.jpg,/movie/watch-the-guide-movie-online-e7274ca20e88b042aaebc038946b5c88
Movie,"Salt 'N' Pepper","Short, Hindi, 2018",https://j2apps.s.llnwi.net/is1/media/images/5a1b731322c49d24cb6d87bd50594025/2x3/2x/test_pic1539354146577.jpg,/movie/watch-salt-n-pepper-movie-online-5a1b731322c49d24cb6d87bd50594025
Movie,Choices,"Drama, Hindi, 2017",https://j2apps.s.llnwi.net/is1/media/images/aadd5c5775cc073a1adbfcc411959bb4/2x3/2x/test_pic1536681532289.jpg,/movie/watch-choices-movie-online-aadd5c5775cc073a1adbfcc411959bb4
Movie,Dilli Vala Dost - Short Film,"Short, Hindi, 2017",https://j2apps.s.llnwi.net/is1/media/images/0aecbdef861649cdb0dea8378415a825/2x3/2x/test_pic1551189715428.jpg,/movie/watch-dilli-vala-dost-short-film-movie-online-0aecbdef861649cdb0dea8378415a825
Movie,Papa,"Musical, Hindi, 2018",https://j2apps.s.llnwi.net/is1/media/images/bb4c27fb76b1196e4254885c24d86c3f/2x3/2x/test_pic1533534710910.jpg,/movie/watch-papa-movie-online-bb4c27fb76b1196e4254885c24d86c3f
Movie,Dooriyan,"Drama, Hindi, 2016",https://j2apps.s.llnwi.net/is1/media/images/95f10df8430ec6ecab5a705194f7c037/2x3/2x/test_pic1550728173057.jpg,/movie/watch-dooriyan-movie-online-95f10df8430ec6ecab5a705194f7c037
Movie,Sameera - The Unusual - Unconditional Love - Short Film,"Short, Hindi, 2018",https://j2apps.s.llnwi.net/is1/media/images/6de23db341c06f0154bae1adc079dbbf/2x3/2x/test_pic1550730283490.jpg,/movie/watch-sameera-the-unusual-unconditional-love-short-film-movie-online-6de23db341c06f0154bae1adc079dbbf
Movie,Rishtey,"Drama, Hindi, 2015",https://j2apps.s.llnwi.net/is1/media/images/5db28228ada152b57e63a63b99fa9cb5/2x3/2x/test_pic1530795033341.jpg,/movie/watch-rishtey-movie-online-5db28228ada152b57e63a63b99fa9cb5
Movie,Main Hoon Rakshak,"Dub, Hindi, 2015",https://j2apps.s.llnwi.net/is1/media/images/e411aafef793612dd34667b9c775dc47/2x3/2x/81599cd9ff45a4eb9005a79a3ade0d84_1280x1920.jpg,/movie/watch-main-hoon-rakshak-movie-online-e411aafef793612dd34667b9c775dc47
Movie,Rajkumar,"Dub, Hindi, 2009",https://j2apps.s.llnwi.net/is1/media/images/574a442b4dd3445df2a2eb6c2e86e9ab/2x3/2x/test_pic1552653566111.jpg,/movie/watch-rajkumar-movie-online-574a442b4dd3445df2a2eb6c2e86e9ab
Movie,Dadagari 2,"Dub, Hindi, 2017",https://j2apps.s.llnwi.net/is1/media/images/26e27681a2fe5a7202a671accffd6c57/2x3/2x/test_pic1552638672107.jpg,/movie/watch-dadagari-2-movie-online-26e27681a2fe5a7202a671accffd6c57
Movie,Shorgul,"Drama, Hindi, 2016",https://j2apps.s.llnwi.net/is1/media/images/3c7b159c7c9b905c6efa178114f8feec/2x3/2x/test_pic1540982093592.jpg,/movie/watch-shorgul-movie-online-3c7b159c7c9b905c6efa178114f8feec
Movie,Bhayanak A Mystery,"Dub, Hindi, 2005",https://j2apps.s.llnwi.net/is1/media/images/01f18429e6c1d668046046cd70a3828d/2x3/2x/49f5713a4ad171ba0ea077adb39d48da_1280x1920.jpg,/movie/watch-bhayanak-a-mystery-movie-online-01f18429e6c1d668046046cd70a3828d
Movie,Shaurya,"Crime, Hindi, 2008",https://j2apps.s.llnwi.net/is1/media/images/97305a59f0dc85a9c697c1e1fe1c7c66/2x3/2x/test_pic1544007525274.jpg,/movie/watch-shaurya-movie-online-97305a59f0dc85a9c697c1e1fe1c7c66
Movie,Surkhaab,"Thriller, Hindi, 2015",https://j2apps.s.llnwi.net/is1/media/images/115f3fe95e10946c7f6dc3e666f4738e/2x3/2x/5774981245001_270x405_logo.jpg,/movie/watch-surkhaab-movie-online-115f3fe95e10946c7f6dc3e666f4738e
Movie,Train of Dead | Hindi Dub,"Hollywood Dub, Hindi, 2006",https://j2apps.s.llnwi.net/is1/media/images/44d79eb591efe32c057cc4573cd2c9f6/2x3/2x/test_pic1537451262525.jpg,/movie/watch-train-of-dead-hindi-dub-movie-online-44d79eb591efe32c057cc4573cd2c9f6
Movie,Do Jaanbaaz (Killing Season) ,"Hollywood Dub, Hindi, 2015",https://j2apps.s.llnwi.net/is1/media/images/b955dd0b08c78f7dc47383caee0ab149/2x3/2x/test_pic1538032422793.jpg,/movie/watch-do-jaanbaaz-killing-season-movie-online-b955dd0b08c78f7dc47383caee0ab149
Movie,Black or White | Hindi Dub,"Hollywood Dub, Hindi, 2013",https://j2apps.s.llnwi.net/is1/media/images/b550cff651f4b65824ecd863d35e7d73/2x3/2x/test_pic1531726437673.jpg,/movie/watch-black-or-white-hindi-dub-movie-online-b550cff651f4b65824ecd863d35e7d73
Movie,Krishna,"Animation, Hindi, 2012",https://j2apps.s.llnwi.net/is1/media/images/925c5cdd21fb13331e127682cac67241/2x3/2x/test_pic1536763360869.jpg,/movie/watch-krishna-movie-online-925c5cdd21fb13331e127682cac67241
Movie,Hanuman,"Animation, Hindi, 2012",https://j2apps.s.llnwi.net/is1/media/images/57c56a91cd48d5230d73a362ba9ff465/2x3/2x/test_pic1532872276595.jpg,/movie/watch-hanuman-movie-online-57c56a91cd48d5230d73a362ba9ff465
Movie,Mahabharat,"Action, Hindi, 2013",https://j2apps.s.llnwi.net/is1/media/images/2f7e080df4508369258f18f5409ada7c/2x3/2x/test_pic1532869623655.jpg,/movie/watch-mahabharat-movie-online-2f7e080df4508369258f18f5409ada7c
Movie,"Sai Baba ""Sab Ka Mailk Ek""","Animation, Hindi, 2012",https://j2apps.s.llnwi.net/is1/media/images/683a387760bf7a7461bf637891eeaea9/2x3/2x/test_pic1532869204577.jpg,/movie/watch-sai-baba-sab-ka-mailk-ek-movie-online-683a387760bf7a7461bf637891eeaea9
Movie,Krishna Aayo Natkhat Nandlal,"Action, Hindi, 2006",https://j2apps.s.llnwi.net/is1/media/images/a4ef59ceb3ac9d78df27e150e5582723/2x3/2x/test_pic1532872542350.jpg,/movie/watch-krishna-aayo-natkhat-nandlal-movie-online-a4ef59ceb3ac9d78df27e150e5582723
Movie,Shiv Parvati,"Animation, Hindi, 2012",https://j2apps.s.llnwi.net/is1/media/images/9ebb798e5e4c569b8349c61f6fa9b381/2x3/2x/test_pic1531034269243.jpg,/movie/watch-shiv-parvati-movie-online-9ebb798e5e4c569b8349c61f6fa9b381
Movie,Veeno in Turkey (Hindi),"Animation, Hindi, 2019",https://j2apps.s.llnwi.net/is1/media/images/30f440b274b05f68483b59358fb652ad/2x3/2x/5773002474001_270x405_logo.jpg,/movie/watch-veeno-in-turkey-hindi-movie-online-30f440b274b05f68483b59358fb652ad
Movie,Luv - Kush,"Adventure, Hindi, 2012",https://j2apps.s.llnwi.net/is1/media/images/4ff7512e256f8a5fab7ec4e1e0064331/2x3/2x/test_pic1532872695227.jpg,/movie/watch-luv-kush-movie-online-4ff7512e256f8a5fab7ec4e1e0064331
Movie,Ghatotkach,"Animation, Hindi, 2008",https://j2apps.s.llnwi.net/is1/media/images/972a87a0d0a8d3eb517ee54d5305e62b/2x3/2x/test_pic1532868451844.jpg,/movie/watch-ghatotkach-movie-online-972a87a0d0a8d3eb517ee54d5305e62b
Movie,Ganesha,"Animation, Hindi, 2012",https://j2apps.s.llnwi.net/is1/media/images/72b9e258e62bf6915656ab11a4beaaf1/2x3/2x/test_pic1532960307051.jpg,/movie/watch-ganesha-movie-online-72b9e258e62bf6915656ab11a4beaaf1
Movie,Gutargu,"Drama, Hindi, 2017",https://j2apps.s.llnwi.net/is1/media/images/fe1d81c2fb2e96c032594665faa780c7/2x3/2x/test_pic1557737514153.jpg,/movie/watch-gutargu-movie-online-fe1d81c2fb2e96c032594665faa780c7
Movie,Biryani ,"Drama, Hindi, 2018",https://j2apps.s.llnwi.net/is1/media/images/b679a35dbbf2f0a5314db88658b1f544/2x3/2x/test_pic1530793868023.jpg,/movie/watch-biryani-movie-online-b679a35dbbf2f0a5314db88658b1f544
Movie,Chapter Love - Short Film,"Short, Hindi, 2018",https://j2apps.s.llnwi.net/is1/media/images/3d2ccd4616ddea5bc00d924938ffc6cd/2x3/2x/test_pic1550668569627.jpg,/movie/watch-chapter-love-short-film-movie-online-3d2ccd4616ddea5bc00d924938ffc6cd
Movie,Terms & Conditions Apply - Short Film,"Short, Hindi, 2018",https://j2apps.s.llnwi.net/is1/media/images/a1b0e1a8a494aa9fc358ed008ad2ff4a/2x3/2x/test_pic1556889456510.jpg,/movie/watch-terms-and-conditions-apply-short-film-movie-online-a1b0e1a8a494aa9fc358ed008ad2ff4a
Movie,"Destiny's Two","Romance, Hindi, 2018",https://j2apps.s.llnwi.net/is1/media/images/2d395e5fb55f14bd85521bc33649ca91/2x3/2x/test_pic1538552069952.jpg,/movie/watch-destinys-two-movie-online-2d395e5fb55f14bd85521bc33649ca91
Movie,Matched! An India - Pakistan Independence Day Special,"Short, Hindi, 2018",https://j2apps.s.llnwi.net/is1/media/images/766b6ce2dafadc1fd555829e65d78b01/2x3/2x/test_pic1535280909697_logo.jpg,/movie/watch-matched-an-india-pakistan-independence-day-special-movie-online-766b6ce2dafadc1fd555829e65d78b01
Movie,Nil - Short Film,"Short, Hindi, 2018",https://j2apps.s.llnwi.net/is1/media/images/22de2e11ad74bcc196a55193ab2f50e0/2x3/2x/test_pic1558509616008.jpg,/movie/watch-nil-short-film-movie-online-22de2e11ad74bcc196a55193ab2f50e0
Movie,Ek Mulaqat - Shashank Vyas - Adaa Khan - Short Film,"Short, Hindi, 2018",https://j2apps.s.llnwi.net/is1/media/images/d41f2df5bf2c094816a99e04cb100b02/2x3/2x/test_pic1556779516656.jpg,/movie/watch-ek-mulaqat-shashank-vyas-adaa-khan-short-film-movie-online-d41f2df5bf2c094816a99e04cb100b02
Movie,Meera,"Short, Hindi, 2018",https://j2apps.s.llnwi.net/is1/media/images/0c079c227f47daaec0b57a3b576dcc83/2x3/2x/test_pic1533534373621.jpg,/movie/watch-meera-movie-online-0c079c227f47daaec0b57a3b576dcc83
Movie,Deja Brew,"Romance, Hindi, 2016",https://j2apps.s.llnwi.net/is1/media/images/94669800fbdbb88e5c6a15d30d680ac7/2x3/2x/test_pic1550727123810.jpg,/movie/watch-deja-brew-movie-online-94669800fbdbb88e5c6a15d30d680ac7